﻿<?xml version="1.0" encoding="utf-8"?>
<deployment>
  <id>90a53e8e-c859-4612-91b3-d76410330043</id>
  <author>N/A</author>
  <deployer>Push-Deployer</deployer>
  <authorEmail>N/A</authorEmail>
  <message>Created via a push deployment</message>
  <progress></progress>
  <status>Success</status>
  <statusText></statusText>
  <lastSuccessEndTime>2026-01-26T17:31:01.6242598Z</lastSuccessEndTime>
  <receivedTime>2026-01-26T17:23:48.3922496Z</receivedTime>
  <startTime>2026-01-26T17:23:50.091625Z</startTime>
  <endTime>2026-01-26T17:31:01.6242598Z</endTime>
  <complete>True</complete>
  <is_temp>False</is_temp>
  <is_readonly>True</is_readonly>
  <buildSummary />
</deployment>