<step title="Incoming Request" date="2026-02-06T13:02:28.705" instance="6e9f16" url="/api/zipdeploy?isAsync=true" method="POST" type="request" pid="768,1,30" Accept="*/*" Host="gujarati-vaani-tts.scm.azurewebsites.net" User-Agent="AZURECLI/2.80.0 (MSI)" Accept-Encoding="gzip, deflate" Authorization="Bea..." Cache-Control="no-cache" Content-Type="application/octet-stream" Content-Length="140267" x-ms-client-request-id="07413b79-035c-11f1-9521-4c77cb1c12ee" x-ms-artifact-checksum="a173ffdbbe1a559dd81185a699ba237968829f6ffd824661c16c88554bf09c36" X-ARR-LOG-ID="07413b79-035c-11f1-9521-4c77cb1c12ee" CLIENT-IP="152.59.5.92:49686" X-SITE-DEPLOYMENT-ID="gujarati-vaani-tts" WAS-DEFAULT-HOSTNAME="gujarati-vaani-tts.scm.azurewebsites.net" X-Forwarded-Proto="https" X-AppService-Proto="https" X-Forwarded-TlsVersion="1.3" X-WAWS-Unencoded-URL="/api/zipdeploy?isAsync=true" X-Client-IP="152.59.5.92" X-Client-Port="49686" >
  <step title="ZipPushDeploy" date="2026-02-06T13:02:29.444" >
    <step title="ZipDeploy. Extract zip. Remote build." date="2026-02-06T13:02:29.458" /><!-- duration: 30ms -->
    <step title="None repository commit" date="2026-02-06T13:02:29.502" >
      <step title="Commit id: 27e1d3de-39e5-4f84-9126-938abdc9b66e" date="2026-02-06T13:02:29.508" Message="N/A" AuthorName="N/A" AuthorEmail="N/A" /><!-- duration: 7ms -->
    </step><!-- duration: 20ms -->
    <step title="Starting PushDeployAsync" date="2026-02-06T13:02:29.529" /><!-- duration: 8ms -->
    <step title="Writing artifact to /tmp/zipdeploy/5fd80947-e8aa-4251-8e19-771ed79273c5.zip" date="2026-02-06T13:02:29.574" >
      <step title="Writing multipart request body to /tmp/zipdeploy/5fd80947-e8aa-4251-8e19-771ed79273c5.zip" date="2026-02-06T13:02:29.586" /><!-- duration: 7ms -->
    </step><!-- duration: 102ms -->
    <step title="Removing previous build artifact&apos;s manifest file" date="2026-02-06T13:02:29.690" >
      <step title="Start deployment in the background" date="2026-02-06T13:02:29.718" >
        <step title="Acquiring Deployment Lock" date="2026-02-06T13:02:29.749" /><!-- duration: 6ms -->
        <step title="Acquired Deployment Lock" date="2026-02-06T13:02:29.871" /><!-- duration: 7ms -->
      </step><!-- duration: 290ms -->
    </step><!-- duration: 329ms -->
    <step title="Outgoing response" date="2026-02-06T13:02:30.040" type="response" statusCode="202" statusText="Accepted" /><!-- duration: 8ms -->
  </step><!-- duration: 611ms -->
