<step title="Incoming Request" date="2026-02-06T13:33:31.848" instance="6e9f16" url="/api/zipdeploy?isAsync=true" method="POST" type="request" pid="768,1,20" Accept="*/*" Host="gujarati-vaani-tts.scm.azurewebsites.net" User-Agent="AZURECLI/2.80.0 (MSI)" Accept-Encoding="gzip, deflate" Authorization="Bea..." Cache-Control="no-cache" Content-Type="application/octet-stream" Content-Length="140513" x-ms-client-request-id="60124bf9-0360-11f1-9a10-4c77cb1c12ee" x-ms-artifact-checksum="3616526bb2d96e8b0a52b070cd19184a368f1003112597817a9ada74de1372ae" X-ARR-LOG-ID="60124bf9-0360-11f1-9a10-4c77cb1c12ee" CLIENT-IP="152.59.5.136:58527" X-SITE-DEPLOYMENT-ID="gujarati-vaani-tts" WAS-DEFAULT-HOSTNAME="gujarati-vaani-tts.scm.azurewebsites.net" X-Forwarded-Proto="https" X-AppService-Proto="https" X-Forwarded-TlsVersion="1.3" X-WAWS-Unencoded-URL="/api/zipdeploy?isAsync=true" X-Client-IP="152.59.5.136" X-Client-Port="58527" >
  <step title="Cleanup Xml Logs" date="2026-02-06T13:33:31.854" /><!-- duration: 15ms -->
  <step title="ZipPushDeploy" date="2026-02-06T13:33:31.902" >
    <step title="ZipDeploy. Extract zip. Remote build." date="2026-02-06T13:33:31.921" /><!-- duration: 54ms -->
    <step title="Starting PushDeployAsync" date="2026-02-06T13:33:31.986" /><!-- duration: 6ms -->
    <step title="Writing artifact to /tmp/zipdeploy/047833dc-0ee0-40a4-8ea1-a63cf8828374.zip" date="2026-02-06T13:33:32.017" >
      <step title="Writing multipart request body to /tmp/zipdeploy/047833dc-0ee0-40a4-8ea1-a63cf8828374.zip" date="2026-02-06T13:33:32.024" /><!-- duration: 14ms -->
    </step><!-- duration: 72ms -->
    <step title="Removing previous build artifact&apos;s manifest file" date="2026-02-06T13:33:32.107" >
      <step title="Start deployment in the background" date="2026-02-06T13:33:32.140" >
        <step title="Acquiring Deployment Lock" date="2026-02-06T13:33:32.167" /><!-- duration: 7ms -->
        <step title="Acquired Deployment Lock" date="2026-02-06T13:33:32.230" /><!-- duration: 9ms -->
      </step><!-- duration: 194ms -->
    </step><!-- duration: 243ms -->
    <step title="Outgoing response" date="2026-02-06T13:33:32.364" type="response" statusCode="202" statusText="Accepted" /><!-- duration: 13ms -->
  </step><!-- duration: 486ms -->
