<step title="BackgroundTrace" date="2026-01-26T17:23:44.610" instance="c97570" url="/api/zipdeploy" method="POST" >
  <step title="Creating temporary deployment - FetchDeploymentManager" date="2026-01-26T17:23:44.895" /><!-- duration: 3ms -->
  <step title="Creating temporary deployment" date="2026-01-26T17:23:44.903" /><!-- duration: 78ms -->
  <step title="Performing fetch based deployment" date="2026-01-26T17:23:45.041" >
    <step title="Cleaning up temp folders from previous zip deployments and extracting pushed zip file /tmp/zipdeploy/9019e9cb-5d1f-4c62-aa20-8bcb7a834632.zip (0.04 MB) to /tmp/zipdeploy/extracted" date="2026-01-26T17:23:46.229" >
      <step title="ChmodRecursive Process exited with total time taken in ms: 34" date="2026-01-26T17:23:46.302" /><!-- duration: 14ms -->
    </step><!-- duration: 93ms -->
    <step title="Deployment timer started" date="2026-01-26T17:23:48.346" >
      <step title="DeploymentManager.Deploy(id:90a53e8e-c859-4612-91b3-d76410330043)" date="2026-01-26T17:23:48.355" >
        <step title="Collecting changeset information" date="2026-01-26T17:23:48.368" /><!-- duration: 82ms -->
        <step title="Updating submodules" date="2026-01-26T17:23:48.457" /><!-- duration: 1246ms -->
        <step title="Determining deployment builder" date="2026-01-26T17:23:50.166" >
          <step title="Builder is OryxBuilder" date="2026-01-26T17:23:50.181" /><!-- duration: 19ms -->
        </step><!-- duration: 45ms -->
        <step title="PreDeployment: context.CleanOutputPath False" date="2026-01-26T17:23:50.260" >
          <step title="PreDeployment: context.OutputPath /home/site/wwwroot" date="2026-01-26T17:23:50.382" >
            <step title="Building" date="2026-01-26T17:23:50.732" >
              <step title="Executing external process" date="2026-01-26T17:23:51.218" type="process" path="bash" arguments="-c &quot;oryx build /tmp/zipdeploy/extracted -o /home/site/wwwroot --platform python --platform-version 3.10 -p virtualenv_name=antenv --log-file /tmp/build-debug.log  -i /tmp/8de5cffabd00b17 --compress-destination-dir | tee /tmp/oryx-build.log ; exit $PIPESTATUS &quot;" >
                <step title="Cpu: python(909,30.650s)+ts(910,0.130s)+build.sh(908,0.000s)+build.sh(907,0.000s)+build.sh(816,0.040s)+oryx(795,5.420s)+tee(796,0.000s)+bash(794,0.000s)=total(36.220s)" date="2026-01-26T17:25:23.784" /><!-- duration: 28ms -->
                <step title="bash: no io activity for 61s, prev-cpu=-1.000s, current-cpu=36.220s" date="2026-01-26T17:25:23.844" /><!-- duration: 48ms -->
                <step title="Cpu: python(909,80.380s)+ts(910,0.140s)+build.sh(908,0.000s)+build.sh(907,0.000s)+build.sh(816,0.040s)+oryx(795,5.480s)+tee(796,0.000s)+bash(794,0.000s)=total(86.040s)" date="2026-01-26T17:26:23.966" /><!-- duration: 10ms -->
                <step title="bash: no io activity for 121s, prev-cpu=36.220s, current-cpu=86.040s" date="2026-01-26T17:26:23.980" /><!-- duration: 6ms -->
                <step title="Cpu: python(909,136.550s)+ts(910,0.140s)+build.sh(908,0.000s)+build.sh(907,0.000s)+build.sh(816,0.040s)+oryx(795,5.520s)+tee(796,0.000s)+bash(794,0.000s)=total(142.250s)" date="2026-01-26T17:27:24.193" /><!-- duration: 6ms -->
                <step title="bash: no io activity for 182s, prev-cpu=86.040s, current-cpu=142.250s" date="2026-01-26T17:27:24.205" /><!-- duration: 4ms -->
                <step title="Cpu: gzip(1056,54.690s)+sh(1055,0.000s)+tar(1054,1.810s)+build.sh(816,0.050s)+oryx(795,6.000s)+tee(796,0.000s)+bash(794,0.000s)=total(62.550s)" date="2026-01-26T17:29:09.476" /><!-- duration: 22ms -->
                <step title="bash: no io activity for 60s, prev-cpu=-1.000s, current-cpu=62.550s" date="2026-01-26T17:29:09.547" /><!-- duration: 19ms -->
                <step title="Cpu: gzip(1056,110.340s)+sh(1055,0.000s)+tar(1054,3.380s)+build.sh(816,0.050s)+oryx(795,6.010s)+tee(796,0.000s)+bash(794,0.000s)=total(119.780s)" date="2026-01-26T17:30:09.742" /><!-- duration: 7ms -->
                <step title="bash: no io activity for 121s, prev-cpu=62.550s, current-cpu=119.780s" date="2026-01-26T17:30:09.757" /><!-- duration: 16ms -->
              </step><!-- duration: 428057ms -->
              <step title="Using PythonDeploymentLogParser" date="2026-01-26T17:30:59.736" /><!-- duration: 5ms -->
              <step title="Triggering recycle (preview mode disabled)." date="2026-01-26T17:31:01.191" /><!-- duration: 5ms -->
              <step title="Modified file to trigger a restart of the app container." date="2026-01-26T17:31:01.245" /><!-- duration: 3ms -->
              <step title="Skip function trigger and logicapp sync because function is not enabled." date="2026-01-26T17:31:01.263" /><!-- duration: 4ms -->
            </step><!-- duration: 431252ms -->
          </step><!-- duration: 431607ms -->
          <step title="Cleaning up temp files" date="2026-01-26T17:31:01.992" /><!-- duration: 4350ms -->
          <step title="Cleaning up temp files" date="2026-01-26T17:31:06.348" /><!-- duration: 509ms -->
          <step title="Reloading status file with latest updates" date="2026-01-26T17:31:06.892" >
            <step title="WebHooksManager.PublishEventAsync: PostDeployment" date="2026-01-26T17:31:06.896" /><!-- duration: 71ms -->
          </step><!-- duration: 79ms -->
          <step title="Cleaning up temporary deployment - fetch deployment was successful" date="2026-01-26T17:31:06.979" /><!-- duration: 4ms -->
        </step><!-- duration: 436780ms -->
      </step><!-- duration: 438702ms -->
