<step title="Incoming Request" date="2026-01-26T17:47:18.280" instance="c97570" url="/api/publish?type=zip&amp;async=True" method="POST" type="request" pid="768,1,25" Accept="*/*" Host="gujarati-vaani-tts.scm.azurewebsites.net" User-Agent="AZURECLI/2.80.0 (MSI)" Accept-Encoding="gzip, deflate" Authorization="Bea..." Cache-Control="no-cache" Content-Type="application/octet-stream" Cookie="ARRAffinity=c975703da22d6922b4dca091720008565aa6a48e97b81f164fbe0a0165a6dcd6; ARRAffinitySameSite=c975703da22d6922b4dca091720008565aa6a48e97b81f164fbe0a0165a6dcd6" Content-Length="37348" x-ms-client-request-id="00f9fe38-fadf-11f0-bf66-cd0b0df915a7" x-ms-artifact-checksum="6e66f38067ab339f9e0e8a4d8e81454fc9c10075f7eb78449a1219e4310d22a2" X-ARR-LOG-ID="00f9fe38-fadf-11f0-bf66-cd0b0df915a7" CLIENT-IP="152.59.1.117:61882" X-SITE-DEPLOYMENT-ID="gujarati-vaani-tts" WAS-DEFAULT-HOSTNAME="gujarati-vaani-tts.scm.azurewebsites.net" X-Forwarded-Proto="https" X-AppService-Proto="https" X-Forwarded-TlsVersion="1.3" X-WAWS-Unencoded-URL="/api/publish?type=zip&amp;async=True" X-Client-IP="152.59.1.117" X-Client-Port="61882" >
  <step title="OneDeploy" date="2026-01-26T17:47:18.368" >
    <step title="None repository commit" date="2026-01-26T17:47:18.382" >
      <step title="Commit id: d0c646d3-e9b0-45f1-96c5-3de24fd4ca1c" date="2026-01-26T17:47:18.389" Message="N/A" AuthorName="N/A" AuthorEmail="N/A" /><!-- duration: 4ms -->
    </step><!-- duration: 15ms -->
    <step title="Starting PushDeployAsync" date="2026-01-26T17:47:18.401" /><!-- duration: 4ms -->
    <step title="Writing artifact to /tmp/zipdeploy/adcd2390-6d93-40dc-8b48-f57e2fb89f2c.zip" date="2026-01-26T17:47:18.433" >
      <step title="Writing multipart request body to /tmp/zipdeploy/adcd2390-6d93-40dc-8b48-f57e2fb89f2c.zip" date="2026-01-26T17:47:18.439" /><!-- duration: 8ms -->
    </step><!-- duration: 74ms -->
    <step title="Removing previous build artifact&apos;s manifest file" date="2026-01-26T17:47:18.513" >
      <step title="Start deployment in the background" date="2026-01-26T17:47:18.532" >
        <step title="Acquiring Deployment Lock" date="2026-01-26T17:47:18.549" /><!-- duration: 4ms -->
        <step title="Acquired Deployment Lock" date="2026-01-26T17:47:18.589" /><!-- duration: 4ms -->
      </step><!-- duration: 153ms -->
    </step><!-- duration: 181ms -->
    <step title="Outgoing response" date="2026-01-26T17:47:18.705" type="response" statusCode="202" statusText="Accepted" /><!-- duration: 4ms -->
  </step><!-- duration: 344ms -->
