<step title="BackgroundTrace" date="2026-02-06T13:33:32.150" instance="6e9f16" url="/api/zipdeploy" method="POST" >
  <step title="Creating temporary deployment - FetchDeploymentManager" date="2026-02-06T13:33:32.246" /><!-- duration: 6ms -->
  <step title="Creating temporary deployment" date="2026-02-06T13:33:32.260" /><!-- duration: 67ms -->
  <step title="Performing fetch based deployment" date="2026-02-06T13:33:32.411" >
    <step title="Cleaning up temp folders from previous zip deployments and extracting pushed zip file /tmp/zipdeploy/047833dc-0ee0-40a4-8ea1-a63cf8828374.zip (0.13 MB) to /tmp/zipdeploy/extracted" date="2026-02-06T13:33:33.627" >
      <step title="ChmodRecursive Process exited with total time taken in ms: 38" date="2026-02-06T13:33:33.705" /><!-- duration: 14ms -->
    </step><!-- duration: 100ms -->
    <step title="Deployment timer started" date="2026-02-06T13:33:35.741" >
      <step title="DeploymentManager.Deploy(id:0f2157c3-ebb2-4986-b610-9def3e15dac6)" date="2026-02-06T13:33:35.752" >
        <step title="Collecting changeset information" date="2026-02-06T13:33:35.782" /><!-- duration: 130ms -->
        <step title="Updating submodules" date="2026-02-06T13:33:35.924" /><!-- duration: 1165ms -->
        <step title="Determining deployment builder" date="2026-02-06T13:33:37.443" >
          <step title="Builder is OryxBuilder" date="2026-02-06T13:33:37.471" /><!-- duration: 7ms -->
        </step><!-- duration: 43ms -->
        <step title="PreDeployment: context.CleanOutputPath False" date="2026-02-06T13:33:37.561" >
          <step title="PreDeployment: context.OutputPath /home/site/wwwroot" date="2026-02-06T13:33:37.744" >
            <step title="Building" date="2026-02-06T13:33:37.935" >
              <step title="Executing external process" date="2026-02-06T13:33:38.410" type="process" path="bash" arguments="-c &quot;oryx build /tmp/zipdeploy/extracted -o /home/site/wwwroot --platform python --platform-version 3.10 -p virtualenv_name=antenv --log-file /tmp/build-debug.log  -i /tmp/8de6584555537d8 --compress-destination-dir | tee /tmp/oryx-build.log ; exit $PIPESTATUS &quot;" >
                <step title="Cpu: python(1395,35.660s)+ts(1396,0.120s)+build.sh(1394,0.000s)+build.sh(1393,0.000s)+build.sh(1312,0.030s)+oryx(1291,4.060s)+tee(1292,0.000s)+bash(1290,0.010s)=total(39.880s)" date="2026-02-06T13:34:58.524" /><!-- duration: 11ms -->
                <step title="bash: no io activity for 61s, prev-cpu=-1.000s, current-cpu=39.880s" date="2026-02-06T13:34:58.543" /><!-- duration: 6ms -->
                <step title="Cpu: python(1395,89.560s)+ts(1396,0.120s)+build.sh(1394,0.000s)+build.sh(1393,0.000s)+build.sh(1312,0.030s)+oryx(1291,4.120s)+tee(1292,0.000s)+bash(1290,0.010s)=total(93.840s)" date="2026-02-06T13:35:58.621" /><!-- duration: 34ms -->
                <step title="bash: no io activity for 121s, prev-cpu=39.880s, current-cpu=93.840s" date="2026-02-06T13:35:58.675" /><!-- duration: 29ms -->
                <step title="Cpu: gzip(1499,58.020s)+sh(1498,0.010s)+tar(1497,2.400s)+build.sh(1312,0.040s)+oryx(1291,4.390s)+tee(1292,0.000s)+bash(1290,0.010s)=total(64.870s)" date="2026-02-06T13:38:41.007" /><!-- duration: 21ms -->
                <step title="bash: no io activity for 60s, prev-cpu=-1.000s, current-cpu=64.870s" date="2026-02-06T13:38:41.047" /><!-- duration: 19ms -->
                <step title="Cpu: gzip(1499,112.830s)+sh(1498,0.010s)+tar(1497,4.670s)+build.sh(1312,0.040s)+oryx(1291,4.400s)+tee(1292,0.000s)+bash(1290,0.010s)=total(121.960s)" date="2026-02-06T13:39:41.159" /><!-- duration: 24ms -->
                <step title="bash: no io activity for 120s, prev-cpu=64.870s, current-cpu=121.960s" date="2026-02-06T13:39:41.194" /><!-- duration: 17ms -->
              </step><!-- duration: 396024ms -->
              <step title="Using PythonDeploymentLogParser" date="2026-02-06T13:40:14.991" /><!-- duration: 12ms -->
              <step title="Triggering recycle (preview mode disabled)." date="2026-02-06T13:40:16.619" /><!-- duration: 10ms -->
              <step title="Modified file to trigger a restart of the app container." date="2026-02-06T13:40:16.680" /><!-- duration: 9ms -->
              <step title="Skip function trigger and logicapp sync because function is not enabled." date="2026-02-06T13:40:16.697" /><!-- duration: 7ms -->
            </step><!-- duration: 399911ms -->
          </step><!-- duration: 400120ms -->
          <step title="Cleaning up temp files" date="2026-02-06T13:40:17.871" /><!-- duration: 5998ms -->
          <step title="Cleaning up temp files" date="2026-02-06T13:40:23.881" /><!-- duration: 508ms -->
          <step title="Reloading status file with latest updates" date="2026-02-06T13:40:24.431" >
            <step title="WebHooksManager.PublishEventAsync: PostDeployment" date="2026-02-06T13:40:24.440" /><!-- duration: 44ms -->
          </step><!-- duration: 60ms -->
          <step title="Cleaning up temporary deployment - fetch deployment was successful" date="2026-02-06T13:40:24.502" /><!-- duration: 7ms -->
        </step><!-- duration: 407069ms -->
      </step><!-- duration: 408953ms -->
