<step title="BackgroundTrace" date="2026-02-06T13:02:29.726" instance="6e9f16" url="/api/zipdeploy" method="POST" >
  <step title="Creating temporary deployment - FetchDeploymentManager" date="2026-02-06T13:02:29.886" /><!-- duration: 5ms -->
  <step title="Creating temporary deployment" date="2026-02-06T13:02:29.901" /><!-- duration: 99ms -->
  <step title="Performing fetch based deployment" date="2026-02-06T13:02:30.076" >
    <step title="Cleaning up temp folders from previous zip deployments and extracting pushed zip file /tmp/zipdeploy/5fd80947-e8aa-4251-8e19-771ed79273c5.zip (0.13 MB) to /tmp/zipdeploy/extracted" date="2026-02-06T13:02:31.339" >
      <step title="ChmodRecursive Process exited with total time taken in ms: 49" date="2026-02-06T13:02:31.457" /><!-- duration: 13ms -->
    </step><!-- duration: 139ms -->
    <step title="Deployment timer started" date="2026-02-06T13:02:33.497" >
      <step title="DeploymentManager.Deploy(id:27e1d3de-39e5-4f84-9126-938abdc9b66e)" date="2026-02-06T13:02:33.508" >
        <step title="Collecting changeset information" date="2026-02-06T13:02:33.533" /><!-- duration: 143ms -->
        <step title="Updating submodules" date="2026-02-06T13:02:33.689" /><!-- duration: 1226ms -->
        <step title="Determining deployment builder" date="2026-02-06T13:02:35.316" >
          <step title="Builder is OryxBuilder" date="2026-02-06T13:02:35.356" /><!-- duration: 7ms -->
        </step><!-- duration: 55ms -->
        <step title="PreDeployment: context.CleanOutputPath False" date="2026-02-06T13:02:35.457" >
          <step title="PreDeployment: context.OutputPath /home/site/wwwroot" date="2026-02-06T13:02:35.686" >
            <step title="Building" date="2026-02-06T13:02:35.992" >
              <step title="Executing external process" date="2026-02-06T13:02:36.462" type="process" path="bash" arguments="-c &quot;oryx build /tmp/zipdeploy/extracted -o /home/site/wwwroot --platform python --platform-version 3.10 -p virtualenv_name=antenv --log-file /tmp/build-debug.log  -i /tmp/8de657fff6dc2a7 --compress-destination-dir | tee /tmp/oryx-build.log ; exit $PIPESTATUS &quot;" >
                <step title="Cpu: python(1169,31.770s)+ts(1170,0.100s)+build.sh(1168,0.000s)+build.sh(1167,0.000s)+build.sh(1076,0.060s)+oryx(1052,5.350s)+tee(1053,0.010s)+bash(1051,0.000s)=total(37.280s)" date="2026-02-06T13:04:08.803" /><!-- duration: 20ms -->
                <step title="bash: no io activity for 61s, prev-cpu=-1.000s, current-cpu=37.280s" date="2026-02-06T13:04:08.845" /><!-- duration: 19ms -->
                <step title="Cpu: python(1169,82.900s)+ts(1170,0.100s)+build.sh(1168,0.000s)+build.sh(1167,0.000s)+build.sh(1076,0.060s)+oryx(1052,5.430s)+tee(1053,0.010s)+bash(1051,0.000s)=total(88.500s)" date="2026-02-06T13:05:08.978" /><!-- duration: 27ms -->
                <step title="bash: no io activity for 121s, prev-cpu=37.280s, current-cpu=88.500s" date="2026-02-06T13:05:09.023" /><!-- duration: 22ms -->
                <step title="Cpu: gzip(1310,51.450s)+sh(1309,0.000s)+tar(1308,3.110s)+build.sh(1076,0.070s)+oryx(1052,5.890s)+tee(1053,0.010s)+bash(1051,0.000s)=total(60.510s)" date="2026-02-06T13:07:42.306" /><!-- duration: 42ms -->
                <step title="bash: no io activity for 60s, prev-cpu=-1.000s, current-cpu=60.510s" date="2026-02-06T13:07:42.375" /><!-- duration: 21ms -->
                <step title="Cpu: gzip(1310,109.750s)+sh(1309,0.000s)+tar(1308,4.570s)+build.sh(1076,0.070s)+oryx(1052,5.910s)+tee(1053,0.010s)+bash(1051,0.000s)=total(120.300s)" date="2026-02-06T13:08:42.510" /><!-- duration: 22ms -->
                <step title="bash: no io activity for 121s, prev-cpu=60.510s, current-cpu=120.300s" date="2026-02-06T13:08:42.549" /><!-- duration: 12ms -->
              </step><!-- duration: 404882ms -->
              <step title="Using PythonDeploymentLogParser" date="2026-02-06T13:09:21.880" /><!-- duration: 7ms -->
              <step title="Triggering recycle (preview mode disabled)." date="2026-02-06T13:09:23.550" /><!-- duration: 19ms -->
              <step title="Modified file to trigger a restart of the app container." date="2026-02-06T13:09:23.616" /><!-- duration: 8ms -->
              <step title="Skip function trigger and logicapp sync because function is not enabled." date="2026-02-06T13:09:23.639" /><!-- duration: 11ms -->
            </step><!-- duration: 408744ms -->
          </step><!-- duration: 409066ms -->
          <step title="Cleaning up temp files" date="2026-02-06T13:09:24.759" /><!-- duration: 5720ms -->
          <step title="Cleaning up temp files" date="2026-02-06T13:09:30.513" /><!-- duration: 583ms -->
          <step title="Reloading status file with latest updates" date="2026-02-06T13:09:31.176" >
            <step title="WebHooksManager.PublishEventAsync: PostDeployment" date="2026-02-06T13:09:31.187" /><!-- duration: 126ms -->
          </step><!-- duration: 144ms -->
          <step title="Cleaning up temporary deployment - fetch deployment was successful" date="2026-02-06T13:09:31.330" /><!-- duration: 7ms -->
        </step><!-- duration: 415951ms -->
      </step><!-- duration: 417956ms -->
