<step title="Incoming Request" date="2026-01-26T17:23:43.689" instance="c97570" url="/api/zipdeploy?isAsync=true" method="POST" type="request" pid="769,1,15" Accept="*/*" Host="gujarati-vaani-tts.scm.azurewebsites.net" User-Agent="AZURECLI/2.80.0 (MSI)" Accept-Encoding="gzip, deflate" Authorization="Bea..." Cache-Control="no-cache" Content-Type="application/octet-stream" Content-Length="37348" x-ms-client-request-id="b3266219-fadb-11f0-bfed-cd0b0df915a7" x-ms-artifact-checksum="84f1e80f2ba056abb4ba9057535580fda3a27925dc9c0320aed8d92f37e2bc04" X-ARR-LOG-ID="b3266219-fadb-11f0-bfed-cd0b0df915a7" CLIENT-IP="152.59.1.117:61347" X-SITE-DEPLOYMENT-ID="gujarati-vaani-tts" WAS-DEFAULT-HOSTNAME="gujarati-vaani-tts.scm.azurewebsites.net" X-Forwarded-Proto="https" X-AppService-Proto="https" X-Forwarded-TlsVersion="1.3" X-WAWS-Unencoded-URL="/api/zipdeploy?isAsync=true" X-Client-IP="152.59.1.117" X-Client-Port="61347" >
  <step title="ZipPushDeploy" date="2026-01-26T17:23:44.410" >
    <step title="ZipDeploy. Extract zip. Remote build." date="2026-01-26T17:23:44.447" /><!-- duration: 31ms -->
    <step title="None repository commit" date="2026-01-26T17:23:44.497" >
      <step title="Commit id: 90a53e8e-c859-4612-91b3-d76410330043" date="2026-01-26T17:23:44.501" Message="N/A" AuthorName="N/A" AuthorEmail="N/A" /><!-- duration: 4ms -->
    </step><!-- duration: 13ms -->
    <step title="Starting PushDeployAsync" date="2026-01-26T17:23:44.514" /><!-- duration: 3ms -->
    <step title="Writing artifact to /tmp/zipdeploy/9019e9cb-5d1f-4c62-aa20-8bcb7a834632.zip" date="2026-01-26T17:23:44.535" >
      <step title="Writing multipart request body to /tmp/zipdeploy/9019e9cb-5d1f-4c62-aa20-8bcb7a834632.zip" date="2026-01-26T17:23:44.539" /><!-- duration: 4ms -->
    </step><!-- duration: 37ms -->
    <step title="Start deployment in the background" date="2026-01-26T17:23:44.604" >
      <step title="Acquiring Deployment Lock" date="2026-01-26T17:23:44.629" /><!-- duration: 5ms -->
      <step title="Acquired Deployment Lock" date="2026-01-26T17:23:44.885" /><!-- duration: 5ms -->
    </step><!-- duration: 381ms -->
  </step><!-- duration: 582ms -->
  <step title="Outgoing response" date="2026-01-26T17:23:45.016" type="response" statusCode="202" statusText="Accepted" /><!-- duration: 4ms -->
</step><!-- duration: 1334ms -->
