<step title="BackgroundTrace" date="2026-01-26T17:47:18.536" instance="c97570" url="/api/publish" method="POST" >
  <step title="Creating temporary deployment - FetchDeploymentManager" date="2026-01-26T17:47:18.596" /><!-- duration: 3ms -->
  <step title="Creating temporary deployment" date="2026-01-26T17:47:18.604" /><!-- duration: 75ms -->
  <step title="Performing fetch based deployment" date="2026-01-26T17:47:18.722" >
    <step title="Cleaning up temp folders from previous zip deployments and extracting pushed zip file /tmp/zipdeploy/adcd2390-6d93-40dc-8b48-f57e2fb89f2c.zip (0.04 MB) to /tmp/zipdeploy/extracted" date="2026-01-26T17:47:19.910" >
      <step title="ChmodRecursive Process exited with total time taken in ms: 38" date="2026-01-26T17:47:19.991" /><!-- duration: 4ms -->
    </step><!-- duration: 90ms -->
    <step title="Deployment timer started" date="2026-01-26T17:47:22.014" >
      <step title="DeploymentManager.Deploy(id:d0c646d3-e9b0-45f1-96c5-3de24fd4ca1c)" date="2026-01-26T17:47:22.023" >
        <step title="Collecting changeset information" date="2026-01-26T17:47:22.055" /><!-- duration: 179ms -->
        <step title="Updating submodules" date="2026-01-26T17:47:22.253" /><!-- duration: 1141ms -->
        <step title="Determining deployment builder" date="2026-01-26T17:47:23.646" >
          <step title="Builder is OryxBuilder" date="2026-01-26T17:47:23.658" /><!-- duration: 4ms -->
        </step><!-- duration: 19ms -->
        <step title="PreDeployment: context.CleanOutputPath False" date="2026-01-26T17:47:23.723" >
          <step title="PreDeployment: context.OutputPath /home/site/wwwroot" date="2026-01-26T17:47:23.851" >
            <step title="Building" date="2026-01-26T17:47:23.991" >
              <step title="Executing external process" date="2026-01-26T17:47:24.374" type="process" path="bash" arguments="-c &quot;oryx build /tmp/zipdeploy/extracted -o /home/site/wwwroot --platform python --platform-version 3.10 -p virtualenv_name=antenv --log-file /tmp/build-debug.log  -i /tmp/8de5d02f64c9368 --compress-destination-dir | tee /tmp/oryx-build.log ; exit $PIPESTATUS &quot;" >
                <step title="Cpu: python(1138,31.610s)+ts(1139,0.090s)+build.sh(1137,0.000s)+build.sh(1136,0.000s)+build.sh(1044,0.040s)+oryx(1022,4.990s)+tee(1023,0.000s)+bash(1021,0.000s)=total(36.690s)" date="2026-01-26T17:48:52.647" /><!-- duration: 30ms -->
                <step title="bash: no io activity for 60s, prev-cpu=-1.000s, current-cpu=36.690s" date="2026-01-26T17:48:52.688" /><!-- duration: 10ms -->
                <step title="Cpu: python(1138,83.330s)+ts(1139,0.100s)+build.sh(1137,0.000s)+build.sh(1136,0.000s)+build.sh(1044,0.040s)+oryx(1022,5.030s)+tee(1023,0.000s)+bash(1021,0.000s)=total(88.500s)" date="2026-01-26T17:49:52.794" /><!-- duration: 17ms -->
                <step title="bash: no io activity for 120s, prev-cpu=36.690s, current-cpu=88.500s" date="2026-01-26T17:49:52.822" /><!-- duration: 37ms -->
                <step title="Cpu: gzip(1273,57.550s)+sh(1272,0.000s)+tar(1271,1.410s)+build.sh(1044,0.060s)+oryx(1022,5.470s)+tee(1023,0.000s)+bash(1021,0.000s)=total(64.490s)" date="2026-01-26T17:52:15.088" /><!-- duration: 29ms -->
                <step title="bash: no io activity for 60s, prev-cpu=-1.000s, current-cpu=64.490s" date="2026-01-26T17:52:15.136" /><!-- duration: 10ms -->
                <step title="Cpu: gzip(1273,113.260s)+sh(1272,0.000s)+tar(1271,3.160s)+build.sh(1044,0.060s)+oryx(1022,5.520s)+tee(1023,0.000s)+bash(1021,0.000s)=total(122.000s)" date="2026-01-26T17:53:15.299" /><!-- duration: 16ms -->
                <step title="bash: no io activity for 120s, prev-cpu=64.490s, current-cpu=122.000s" date="2026-01-26T17:53:15.328" /><!-- duration: 41ms -->
              </step><!-- duration: 396560ms -->
              <step title="Using PythonDeploymentLogParser" date="2026-01-26T17:54:01.401" /><!-- duration: 3ms -->
              <step title="Modified file to trigger a restart of the app container." date="2026-01-26T17:54:03.361" /><!-- duration: 5ms -->
              <step title="Skip function trigger and logicapp sync because function is not enabled." date="2026-01-26T17:54:03.382" /><!-- duration: 5ms -->
            </step><!-- duration: 400158ms -->
          </step><!-- duration: 400304ms -->
          <step title="Cleaning up temp files" date="2026-01-26T17:54:04.158" /><!-- duration: 4884ms -->
          <step title="Cleaning up temp files" date="2026-01-26T17:54:09.068" /><!-- duration: 518ms -->
          <step title="Reloading status file with latest updates" date="2026-01-26T17:54:09.668" >
            <step title="WebHooksManager.PublishEventAsync: PostDeployment" date="2026-01-26T17:54:09.705" /><!-- duration: 146ms -->
          </step><!-- duration: 191ms -->
          <step title="Cleaning up temporary deployment - fetch deployment was successful" date="2026-01-26T17:54:09.904" /><!-- duration: 8ms -->
        </step><!-- duration: 406273ms -->
      </step><!-- duration: 408053ms -->
