<step title="BackgroundTrace" date="2026-02-06T13:24:14.990" instance="6e9f16" url="/api/zipdeploy" method="POST" >
  <step title="Creating temporary deployment - FetchDeploymentManager" date="2026-02-06T13:24:15.074" /><!-- duration: 6ms -->
  <step title="Creating temporary deployment" date="2026-02-06T13:24:15.089" /><!-- duration: 99ms -->
  <step title="Performing fetch based deployment" date="2026-02-06T13:24:15.271" >
    <step title="Cleaning up temp folders from previous zip deployments and extracting pushed zip file /tmp/zipdeploy/25560240-3758-4df7-9538-0bf9f4e9e7b1.zip (0.13 MB) to /tmp/zipdeploy/extracted" date="2026-02-06T13:24:16.500" >
      <step title="ChmodRecursive Process exited with total time taken in ms: 53" date="2026-02-06T13:24:16.601" /><!-- duration: 12ms -->
    </step><!-- duration: 122ms -->
    <step title="Deployment timer started" date="2026-02-06T13:24:18.638" >
      <step title="DeploymentManager.Deploy(id:e129ccb1-a668-42df-b84e-06b08fda49a4)" date="2026-02-06T13:24:18.666" >
        <step title="Collecting changeset information" date="2026-02-06T13:24:18.692" /><!-- duration: 142ms -->
        <step title="Updating submodules" date="2026-02-06T13:24:18.847" /><!-- duration: 1178ms -->
        <step title="Determining deployment builder" date="2026-02-06T13:24:20.367" >
          <step title="Builder is OryxBuilder" date="2026-02-06T13:24:20.385" /><!-- duration: 6ms -->
        </step><!-- duration: 31ms -->
        <step title="PreDeployment: context.CleanOutputPath False" date="2026-02-06T13:24:20.485" >
          <step title="PreDeployment: context.OutputPath /home/site/wwwroot" date="2026-02-06T13:24:20.666" >
            <step title="Building" date="2026-02-06T13:24:20.894" >
              <step title="Executing external process" date="2026-02-06T13:24:21.337" type="process" path="bash" arguments="-c &quot;oryx build /tmp/zipdeploy/extracted -o /home/site/wwwroot --platform python --platform-version 3.10 -p virtualenv_name=antenv --log-file /tmp/build-debug.log  -i /tmp/8de65830948a8c5 --compress-destination-dir | tee /tmp/oryx-build.log ; exit $PIPESTATUS &quot;" >
                <step title="Cpu: python(1037,32.870s)+ts(1038,0.080s)+build.sh(1036,0.000s)+build.sh(1035,0.000s)+build.sh(942,0.040s)+oryx(922,5.330s)+tee(923,0.000s)+bash(921,0.000s)=total(38.310s)" date="2026-02-06T13:25:47.624" /><!-- duration: 12ms -->
                <step title="bash: no io activity for 60s, prev-cpu=-1.000s, current-cpu=38.310s" date="2026-02-06T13:25:47.644" /><!-- duration: 18ms -->
                <step title="Cpu: python(1037,85.660s)+ts(1038,0.090s)+build.sh(1036,0.000s)+build.sh(1035,0.000s)+build.sh(942,0.040s)+oryx(922,5.400s)+tee(923,0.000s)+bash(921,0.000s)=total(91.190s)" date="2026-02-06T13:26:47.743" /><!-- duration: 12ms -->
                <step title="bash: no io activity for 120s, prev-cpu=38.310s, current-cpu=91.190s" date="2026-02-06T13:26:47.764" /><!-- duration: 17ms -->
                <step title="Cpu: python(1037,135.230s)+ts(1038,0.090s)+build.sh(1036,0.000s)+build.sh(1035,0.000s)+build.sh(942,0.040s)+oryx(922,5.460s)+tee(923,0.000s)+bash(921,0.000s)=total(140.820s)" date="2026-02-06T13:27:48.077" /><!-- duration: 37ms -->
                <step title="bash: no io activity for 181s, prev-cpu=91.190s, current-cpu=140.820s" date="2026-02-06T13:27:48.143" /><!-- duration: 13ms -->
                <step title="Cpu: gzip(1186,58.190s)+sh(1185,0.000s)+tar(1184,2.500s)+build.sh(942,0.060s)+oryx(922,5.810s)+tee(923,0.000s)+bash(921,0.000s)=total(66.560s)" date="2026-02-06T13:29:44.427" /><!-- duration: 25ms -->
                <step title="bash: no io activity for 60s, prev-cpu=-1.000s, current-cpu=66.560s" date="2026-02-06T13:29:44.465" /><!-- duration: 46ms -->
                <step title="Cpu: gzip(1186,112.410s)+sh(1185,0.000s)+tar(1184,4.620s)+build.sh(942,0.060s)+oryx(922,5.820s)+tee(923,0.000s)+bash(921,0.000s)=total(122.900s)" date="2026-02-06T13:30:44.611" /><!-- duration: 18ms -->
                <step title="bash: no io activity for 120s, prev-cpu=66.560s, current-cpu=122.900s" date="2026-02-06T13:30:44.647" /><!-- duration: 19ms -->
              </step><!-- duration: 416815ms -->
              <step title="Using PythonDeploymentLogParser" date="2026-02-06T13:31:18.655" /><!-- duration: 7ms -->
              <step title="Triggering recycle (preview mode disabled)." date="2026-02-06T13:31:20.240" /><!-- duration: 9ms -->
              <step title="Modified file to trigger a restart of the app container." date="2026-02-06T13:31:20.298" /><!-- duration: 9ms -->
              <step title="Skip function trigger and logicapp sync because function is not enabled." date="2026-02-06T13:31:20.324" /><!-- duration: 6ms -->
            </step><!-- duration: 420540ms -->
          </step><!-- duration: 420783ms -->
          <step title="Cleaning up temp files" date="2026-02-06T13:31:21.460" /><!-- duration: 5346ms -->
          <step title="Cleaning up temp files" date="2026-02-06T13:31:26.814" /><!-- duration: 524ms -->
          <step title="Reloading status file with latest updates" date="2026-02-06T13:31:27.385" >
            <step title="WebHooksManager.PublishEventAsync: PostDeployment" date="2026-02-06T13:31:27.395" /><!-- duration: 89ms -->
          </step><!-- duration: 106ms -->
          <step title="Cleaning up temporary deployment - fetch deployment was successful" date="2026-02-06T13:31:27.505" /><!-- duration: 7ms -->
        </step><!-- duration: 427127ms -->
      </step><!-- duration: 428976ms -->
