<step title="Incoming Request" date="2026-02-06T13:24:14.241" instance="6e9f16" url="/api/zipdeploy?isAsync=true" method="POST" type="request" pid="768,1,21" Accept="*/*" Host="gujarati-vaani-tts.scm.azurewebsites.net" User-Agent="AZURECLI/2.80.0 (MSI)" Accept-Encoding="gzip, deflate" Authorization="Bea..." Cache-Control="no-cache" Content-Type="application/octet-stream" Content-Length="140302" x-ms-client-request-id="13cedf6a-035f-11f1-a823-4c77cb1c12ee" x-ms-artifact-checksum="cde1f9a6d1e9e2a6bcdf71904700bd5113aaee228b6421b96cdd3a566b69dde6" X-ARR-LOG-ID="13cedf6a-035f-11f1-a823-4c77cb1c12ee" CLIENT-IP="152.59.5.136:61993" X-SITE-DEPLOYMENT-ID="gujarati-vaani-tts" WAS-DEFAULT-HOSTNAME="gujarati-vaani-tts.scm.azurewebsites.net" X-Forwarded-Proto="https" X-AppService-Proto="https" X-Forwarded-TlsVersion="1.3" X-WAWS-Unencoded-URL="/api/zipdeploy?isAsync=true" X-Client-IP="152.59.5.136" X-Client-Port="61993" >
  <step title="Cleanup Xml Logs" date="2026-02-06T13:24:14.246" /><!-- duration: 16ms -->
  <step title="ZipPushDeploy" date="2026-02-06T13:24:14.773" >
    <step title="ZipDeploy. Extract zip. Remote build." date="2026-02-06T13:24:14.789" /><!-- duration: 7ms -->
    <step title="None repository commit" date="2026-02-06T13:24:14.810" >
      <step title="Commit id: e129ccb1-a668-42df-b84e-06b08fda49a4" date="2026-02-06T13:24:14.824" Message="N/A" AuthorName="N/A" AuthorEmail="N/A" /><!-- duration: 7ms -->
    </step><!-- duration: 27ms -->
    <step title="Starting PushDeployAsync" date="2026-02-06T13:24:14.847" /><!-- duration: 7ms -->
    <step title="Writing artifact to /tmp/zipdeploy/25560240-3758-4df7-9538-0bf9f4e9e7b1.zip" date="2026-02-06T13:24:14.887" >
      <step title="Writing multipart request body to /tmp/zipdeploy/25560240-3758-4df7-9538-0bf9f4e9e7b1.zip" date="2026-02-06T13:24:14.895" /><!-- duration: 7ms -->
    </step><!-- duration: 67ms -->
    <step title="Removing previous build artifact&apos;s manifest file" date="2026-02-06T13:24:14.964" >
      <step title="Start deployment in the background" date="2026-02-06T13:24:14.983" >
        <step title="Acquiring Deployment Lock" date="2026-02-06T13:24:15.006" /><!-- duration: 6ms -->
        <step title="Acquired Deployment Lock" date="2026-02-06T13:24:15.060" /><!-- duration: 7ms -->
      </step><!-- duration: 215ms -->
    </step><!-- duration: 245ms -->
    <step title="Outgoing response" date="2026-02-06T13:24:15.235" type="response" statusCode="202" statusText="Accepted" /><!-- duration: 6ms -->
  </step><!-- duration: 481ms -->
