﻿<?xml version="1.0" encoding="utf-8"?>
<deployment>
  <id>0f2157c3-ebb2-4986-b610-9def3e15dac6</id>
  <author>N/A</author>
  <deployer>Push-Deployer</deployer>
  <authorEmail>N/A</authorEmail>
  <message>Created via a push deployment</message>
  <progress></progress>
  <status>Success</status>
  <statusText></statusText>
  <lastSuccessEndTime>2026-02-06T13:40:17.2024205Z</lastSuccessEndTime>
  <receivedTime>2026-02-06T13:33:35.8372203Z</receivedTime>
  <startTime>2026-02-06T13:33:37.3319892Z</startTime>
  <endTime>2026-02-06T13:40:17.2024205Z</endTime>
  <complete>True</complete>
  <is_temp>False</is_temp>
  <is_readonly>True</is_readonly>
  <buildSummary />
</deployment>