﻿<?xml version="1.0" encoding="utf-8"?>
<deployment>
  <id>e129ccb1-a668-42df-b84e-06b08fda49a4</id>
  <author>N/A</author>
  <deployer>Push-Deployer</deployer>
  <authorEmail>N/A</authorEmail>
  <message>Created via a push deployment</message>
  <progress></progress>
  <status>Success</status>
  <statusText></statusText>
  <lastSuccessEndTime>2026-02-06T13:31:20.7873505Z</lastSuccessEndTime>
  <receivedTime>2026-02-06T13:24:18.7387548Z</receivedTime>
  <startTime>2026-02-06T13:24:20.2714628Z</startTime>
  <endTime>2026-02-06T13:31:20.7873505Z</endTime>
  <complete>True</complete>
  <is_temp>False</is_temp>
  <is_readonly>True</is_readonly>
  <buildSummary />
</deployment>