﻿<?xml version="1.0" encoding="utf-8"?>
<deployment>
  <id>27e1d3de-39e5-4f84-9126-938abdc9b66e</id>
  <author>N/A</author>
  <deployer>Push-Deployer</deployer>
  <authorEmail>N/A</authorEmail>
  <message>Created via a push deployment</message>
  <progress></progress>
  <status>Success</status>
  <statusText></statusText>
  <lastSuccessEndTime>2026-02-06T13:09:24.1060451Z</lastSuccessEndTime>
  <receivedTime>2026-02-06T13:02:33.5985661Z</receivedTime>
  <startTime>2026-02-06T13:02:35.1791661Z</startTime>
  <endTime>2026-02-06T13:09:24.1060451Z</endTime>
  <complete>True</complete>
  <is_temp>False</is_temp>
  <is_readonly>True</is_readonly>
  <buildSummary />
</deployment>