﻿<?xml version="1.0" encoding="utf-8"?>
<deployment>
  <id>d0c646d3-e9b0-45f1-96c5-3de24fd4ca1c</id>
  <author>N/A</author>
  <deployer>OneDeploy</deployer>
  <authorEmail>N/A</authorEmail>
  <message>OneDeploy</message>
  <progress></progress>
  <status>Success</status>
  <statusText></statusText>
  <lastSuccessEndTime>2026-01-26T17:54:03.7756809Z</lastSuccessEndTime>
  <receivedTime>2026-01-26T17:47:22.178002Z</receivedTime>
  <startTime>2026-01-26T17:47:23.5805463Z</startTime>
  <endTime>2026-01-26T17:54:03.7756809Z</endTime>
  <complete>True</complete>
  <is_temp>False</is_temp>
  <is_readonly>True</is_readonly>
  <buildSummary />
</deployment>